Date,#,Job ID,Project,Language,Source Language,Connector,Method,Status,Created,Content Add Start,Content Add End,InProgress,ReadyForReview,Approved/Error,Content Gathering (ms),Content Gathering,Created→InProg (ms),Created→InProg,InProg→Ready (ms),InProg→Ready,Ready→Approved (ms),Ready→Approved,Total Duration (ms),Total Duration,Content Objects,Content Size,Errors,Retries,Retry Detail,API Requests,Prompt Tokens,Completion Tokens,Total Tokens,Avg Latency (ms)
2026-10-03,1,translationjob2066,Nathalie Ai Translation Project,DE-DE,es_es,rmcf-ai-translatorion-connector,MACHINE_TRANSLATION,APPROVED,08:00:07.096,08:00:07.114,08:00:07.810,08:00:14.544,08:00:14.621,08:00:14.805,696,0.7s,7448,7.4s,77,0.1s,184,0.2s,7709,7.7s,"page:0, asset:1, contentFragment:1, i18nComponentStringDict:0, assetMetaData:0, tagMetadata:0, tag:0",1,,,,6,11151,3378,14529,5440
2026-10-03,2,translationjob2067,Nathalie Ai Translation Project,PT-PT,es_es,rmcf-ai-translatorion-connector,MACHINE_TRANSLATION,APPROVED,08:00:17.275,08:00:17.293,08:00:17.912,08:00:24.679,08:00:24.803,08:00:24.991,619,0.6s,7404,7.4s,124,0.1s,188,0.2s,7716,7.7s,"page:0, asset:1, contentFragment:1, i18nComponentStringDict:0, assetMetaData:0, tagMetadata:0, tag:0",1,,,,6,11151,3378,14529,5440
2026-10-03,3,translationjob2068,Nathalie Ai Translation Project,EN-US,es_es,rmcf-ai-translatorion-connector,MACHINE_TRANSLATION,APPROVED,08:00:27.525,08:00:27.554,08:00:28.185,08:00:35.717,08:00:35.777,08:00:35.948,631,0.6s,8192,8.2s,60,0.1s,171,0.2s,8423,8.4s,"page:0, asset:1, contentFragment:1, i18nComponentStringDict:0, assetMetaData:0, tagMetadata:0, tag:0",1,,,,6,11151,3378,14529,5440
2026-10-03,4,translationjob2069,Nathalie Ai Translation Project,AR-AE,es_es,rmcf-ai-translatorion-connector,MACHINE_TRANSLATION,APPROVED,08:00:38.479,08:00:38.505,08:00:39.009,08:00:44.597,08:00:44.668,08:00:44.845,504,0.5s,6118,6.1s,71,0.1s,177,0.2s,6366,6.4s,"page:0, asset:1, contentFragment:1, i18nComponentStringDict:0, assetMetaData:0, tagMetadata:0, tag:0",1,,,,6,11151,3378,14529,5440
2026-10-03,5,translationjob2070,Nathalie Ai Translation Project,FR-FR,es_es,rmcf-ai-translatorion-connector,MACHINE_TRANSLATION,APPROVED,08:00:47.432,08:00:47.460,08:00:48.049,08:00:52.297,08:00:52.352,08:00:52.550,589,0.6s,4865,4.9s,55,0.1s,198,0.2s,5118,5.1s,"page:0, asset:1, contentFragment:1, i18nComponentStringDict:0, assetMetaData:0, tagMetadata:0, tag:0",1,,,,6,11151,3378,14529,5440
2026-10-03,6,translationjob2071,Nathalie Ai Translation Project,JA-JP,es_es,rmcf-ai-translatorion-connector,MACHINE_TRANSLATION,APPROVED,08:00:56.056,08:00:56.097,08:00:56.580,08:01:02.436,08:01:02.500,08:01:02.727,483,0.5s,6380,6.4s,64,0.1s,227,0.2s,6671,6.7s,"page:0, asset:1, contentFragment:1, i18nComponentStringDict:0, assetMetaData:0, tagMetadata:0, tag:0",1,,,,6,11151,3378,14529,5440
2026-10-03,7,translationjob2072,Nathalie Ai Translation Project,DE-DE,es_es,rmcf-ai-translatorion-connector,MACHINE_TRANSLATION,APPROVED,10:06:18.488,10:06:18.490,10:06:18.844,10:06:21.853,10:06:21.903,10:06:22.022,354,0.4s,3365,3.4s,50,0.1s,119,0.1s,3534,3.5s,"page:0, asset:0, contentFragment:1, i18nComponentStringDict:0, assetMetaData:0, tagMetadata:0, tag:0",1,,,,3,4288,356,4644,1676
2026-10-03,8,translationjob2073,Nathalie Ai Translation Project,EN-US,es_es,rmcf-ai-translatorion-connector,MACHINE_TRANSLATION,APPROVED,10:06:22.859,10:06:22.876,10:06:23.149,10:06:24.837,10:06:24.915,10:06:25.025,273,0.3s,1978,2.0s,78,0.1s,110,0.1s,2166,2.2s,"page:0, asset:0, contentFragment:1, i18nComponentStringDict:0, assetMetaData:0, tagMetadata:0, tag:0",1,,,,3,4288,356,4644,1676
2026-10-03,9,translationjob2074,Nathalie Ai Translation Project,AR-AE,es_es,rmcf-ai-translatorion-connector,MACHINE_TRANSLATION,APPROVED,10:06:27.529,10:06:27.545,10:06:27.845,10:06:30.586,10:06:30.649,10:06:30.706,300,0.3s,3057,3.1s,63,0.1s,57,0.1s,3177,3.2s,"page:0, asset:0, contentFragment:1, i18nComponentStringDict:0, assetMetaData:0, tagMetadata:0, tag:0",1,,,,3,4288,356,4644,1676
2026-10-03,10,translationjob2075,Nathalie Ai Translation Project,FR-FR,es_es,rmcf-ai-translatorion-connector,MACHINE_TRANSLATION,APPROVED,10:06:33.088,10:06:33.104,10:06:33.429,10:06:35.375,10:06:35.433,10:06:35.478,325,0.3s,2287,2.3s,58,0.1s,45,0.0s,2390,2.4s,"page:0, asset:0, contentFragment:1, i18nComponentStringDict:0, assetMetaData:0, tagMetadata:0, tag:0",1,,,,3,4288,356,4644,1676
2026-10-03,11,translationjob2076,Nathalie Ai Translation Project,PT-PT,es_es,rmcf-ai-translatorion-connector,MACHINE_TRANSLATION,APPROVED,10:06:53.186,10:06:53.212,10:06:53.610,10:06:55.606,10:06:55.743,10:06:55.808,398,0.4s,2420,2.4s,137,0.1s,65,0.1s,2622,2.6s,"page:0, asset:0, contentFragment:1, i18nComponentStringDict:0, assetMetaData:0, tagMetadata:0, tag:0",1,,,,2,2948,254,3202,1739
2026-10-03,12,translationjob2077,Nathalie Ai Translation Project,JA-JP,es_es,rmcf-ai-translatorion-connector,MACHINE_TRANSLATION,APPROVED,10:06:58.251,10:06:58.268,10:06:58.455,10:07:00.830,10:07:00.886,10:07:00.941,187,0.2s,2579,2.6s,56,0.1s,55,0.1s,2690,2.7s,"page:0, asset:0, contentFragment:1, i18nComponentStringDict:0, assetMetaData:0, tagMetadata:0, tag:0",1,,,,2,2948,254,3202,1739
2026-10-03,13,translationjob2078,Nathalie Ai Translation Project,DE-DE,es_es,rmcf-ai-translatorion-connector,MACHINE_TRANSLATION,APPROVED,10:52:42.630,10:52:42.646,10:52:42.856,10:52:46.276,10:52:46.333,10:52:46.398,210,0.2s,3646,3.6s,57,0.1s,65,0.1s,3768,3.8s,"page:0, asset:0, contentFragment:1, i18nComponentStringDict:0, assetMetaData:0, tagMetadata:0, tag:0",1,,,,6,9009,1054,10063,2067
2026-10-03,14,translationjob2079,Nathalie Ai Translation Project,PT-PT,es_es,rmcf-ai-translatorion-connector,MACHINE_TRANSLATION,APPROVED,10:52:48.171,10:52:48.186,10:52:48.370,10:52:50.572,10:52:50.627,10:52:50.678,184,0.2s,2401,2.4s,55,0.1s,51,0.1s,2507,2.5s,"page:0, asset:0, contentFragment:1, i18nComponentStringDict:0, assetMetaData:0, tagMetadata:0, tag:0",1,,,,6,9009,1054,10063,2067
2026-10-03,15,translationjob2080,Nathalie Ai Translation Project,EN-US,es_es,rmcf-ai-translatorion-connector,MACHINE_TRANSLATION,APPROVED,10:52:52.488,10:52:52.506,10:52:52.779,10:52:55.191,10:52:55.236,10:52:55.292,273,0.3s,2703,2.7s,45,0.0s,56,0.1s,2804,2.8s,"page:0, asset:0, contentFragment:1, i18nComponentStringDict:0, assetMetaData:0, tagMetadata:0, tag:0",1,,,,6,9009,1054,10063,2067
2026-10-03,16,translationjob2081,Nathalie Ai Translation Project,AR-AE,es_es,rmcf-ai-translatorion-connector,MACHINE_TRANSLATION,APPROVED,10:52:57.038,10:52:57.055,10:52:57.236,10:52:59.693,10:52:59.755,10:52:59.809,181,0.2s,2655,2.7s,62,0.1s,54,0.1s,2771,2.8s,"page:0, asset:0, contentFragment:1, i18nComponentStringDict:0, assetMetaData:0, tagMetadata:0, tag:0",1,,,,6,9009,1054,10063,2067
2026-10-03,17,translationjob2082,Nathalie Ai Translation Project,FR-FR,es_es,rmcf-ai-translatorion-connector,MACHINE_TRANSLATION,APPROVED,10:53:02.050,10:53:02.069,10:53:02.339,10:53:04.491,10:53:04.541,10:53:04.605,270,0.3s,2441,2.4s,50,0.1s,64,0.1s,2555,2.6s,"page:0, asset:0, contentFragment:1, i18nComponentStringDict:0, assetMetaData:0, tagMetadata:0, tag:0",1,,,,6,9009,1054,10063,2067
2026-10-03,18,translationjob2083,Nathalie Ai Translation Project,JA-JP,es_es,rmcf-ai-translatorion-connector,MACHINE_TRANSLATION,APPROVED,10:53:06.579,10:53:06.595,10:53:06.788,10:53:09.580,10:53:09.628,10:53:09.673,193,0.2s,3001,3.0s,48,0.0s,45,0.0s,3094,3.1s,"page:0, asset:0, contentFragment:1, i18nComponentStringDict:0, assetMetaData:0, tagMetadata:0, tag:0",1,,,,6,9009,1054,10063,2067
2026-10-03,19,translationjob2084,Nathalie Ai Translation Project,DE-DE,es_es,rmcf-ai-translatorion-connector,MACHINE_TRANSLATION,APPROVED,14:29:18.599,14:29:18.617,14:29:19.286,14:29:24.579,14:29:24.630,14:29:24.829,669,0.7s,5980,6.0s,51,0.1s,199,0.2s,6230,6.2s,"page:0, asset:1, contentFragment:1, i18nComponentStringDict:0, assetMetaData:0, tagMetadata:0, tag:0",1,,,,6,10977,3106,14083,8536
2026-10-03,20,translationjob2085,Nathalie Ai Translation Project,PT-PT,es_es,rmcf-ai-translatorion-connector,MACHINE_TRANSLATION,APPROVED,14:29:26.972,14:29:26.989,14:29:27.522,14:29:31.681,14:29:31.751,14:29:31.927,533,0.5s,4709,4.7s,70,0.1s,176,0.2s,4955,5.0s,"page:0, asset:1, contentFragment:1, i18nComponentStringDict:0, assetMetaData:0, tagMetadata:0, tag:0",1,,,,6,10977,3106,14083,8536
2026-10-03,21,translationjob2086,Nathalie Ai Translation Project,EN-US,es_es,rmcf-ai-translatorion-connector,MACHINE_TRANSLATION,APPROVED,14:29:34.355,14:29:34.376,14:29:34.759,14:29:40.939,14:29:41.001,14:29:41.163,383,0.4s,6584,6.6s,62,0.1s,162,0.2s,6808,6.8s,"page:0, asset:1, contentFragment:1, i18nComponentStringDict:0, assetMetaData:0, tagMetadata:0, tag:0",1,,,,6,10977,3106,14083,8536
2026-10-03,22,translationjob2087,Nathalie Ai Translation Project,AR-AE,es_es,rmcf-ai-translatorion-connector,MACHINE_TRANSLATION,APPROVED,14:29:43.263,14:29:43.284,14:29:43.833,14:29:48.730,14:29:48.792,14:29:48.928,549,0.5s,5467,5.5s,62,0.1s,136,0.1s,5665,5.7s,"page:0, asset:1, contentFragment:1, i18nComponentStringDict:0, assetMetaData:0, tagMetadata:0, tag:0",1,,,,6,10977,3106,14083,8536
2026-10-03,23,translationjob2088,Nathalie Ai Translation Project,FR-FR,es_es,rmcf-ai-translatorion-connector,MACHINE_TRANSLATION,APPROVED,14:29:51.150,14:29:51.169,14:29:51.690,14:29:56.281,14:29:56.340,14:29:56.754,521,0.5s,5131,5.1s,59,0.1s,414,0.4s,5604,5.6s,"page:0, asset:1, contentFragment:1, i18nComponentStringDict:0, assetMetaData:0, tagMetadata:0, tag:0",1,,,,6,10977,3106,14083,8536
2026-10-03,24,translationjob2089,Nathalie Ai Translation Project,JA-JP,es_es,rmcf-ai-translatorion-connector,MACHINE_TRANSLATION,APPROVED,14:29:58.920,14:29:58.940,14:29:59.507,14:30:29.895,14:30:30.093,14:30:30.626,567,0.6s,30975,31.0s,198,0.2s,533,0.5s,31706,31.7s,"page:0, asset:1, contentFragment:1, i18nComponentStringDict:0, assetMetaData:0, tagMetadata:0, tag:0",1,,,,6,10977,3106,14083,8536
2026-10-03,25,translationjob2090,Nathalie Ai Translation Project,DE-DE,es_es,rmcf-ai-translatorion-connector,MACHINE_TRANSLATION,APPROVED,14:34:39.616,14:34:39.636,14:34:40.311,14:34:44.632,14:34:44.686,14:34:44.843,675,0.7s,5016,5.0s,54,0.1s,157,0.2s,5227,5.2s,"page:0, asset:1, contentFragment:1, i18nComponentStringDict:0, assetMetaData:0, tagMetadata:0, tag:0",1,,,,6,9993,2109,12102,3274
2026-10-03,26,translationjob2091,Nathalie Ai Translation Project,PT-PT,es_es,rmcf-ai-translatorion-connector,MACHINE_TRANSLATION,APPROVED,14:34:47.115,14:34:47.137,14:34:47.652,14:34:51.178,14:34:51.238,14:34:51.412,515,0.5s,4063,4.1s,60,0.1s,174,0.2s,4297,4.3s,"page:0, asset:1, contentFragment:1, i18nComponentStringDict:0, assetMetaData:0, tagMetadata:0, tag:0",1,,,,6,9993,2109,12102,3274
2026-10-03,27,translationjob2092,Nathalie Ai Translation Project,EN-US,es_es,rmcf-ai-translatorion-connector,MACHINE_TRANSLATION,APPROVED,14:34:53.341,14:34:53.360,14:34:53.884,14:34:57.618,14:34:57.676,14:34:57.842,524,0.5s,4277,4.3s,58,0.1s,166,0.2s,4501,4.5s,"page:0, asset:1, contentFragment:1, i18nComponentStringDict:0, assetMetaData:0, tagMetadata:0, tag:0",1,,,,6,9993,2109,12102,3274
2026-10-03,28,translationjob2093,Nathalie Ai Translation Project,AR-AE,es_es,rmcf-ai-translatorion-connector,MACHINE_TRANSLATION,APPROVED,14:35:00.378,14:35:00.397,14:35:01.035,14:35:04.918,14:35:05.032,14:35:05.244,638,0.6s,4540,4.5s,114,0.1s,212,0.2s,4866,4.9s,"page:0, asset:1, contentFragment:1, i18nComponentStringDict:0, assetMetaData:0, tagMetadata:0, tag:0",1,,,,6,9993,2109,12102,3274
2026-10-03,29,translationjob2094,Nathalie Ai Translation Project,FR-FR,es_es,rmcf-ai-translatorion-connector,MACHINE_TRANSLATION,APPROVED,14:35:07.518,14:35:07.535,14:35:08.190,14:35:11.471,14:35:11.598,14:35:11.794,655,0.7s,3953,4.0s,127,0.1s,196,0.2s,4276,4.3s,"page:0, asset:1, contentFragment:1, i18nComponentStringDict:0, assetMetaData:0, tagMetadata:0, tag:0",1,,,,6,9993,2109,12102,3274
2026-10-03,30,translationjob2095,Nathalie Ai Translation Project,JA-JP,es_es,rmcf-ai-translatorion-connector,MACHINE_TRANSLATION,APPROVED,14:35:14.124,14:35:14.143,14:35:14.839,14:35:20.437,14:35:20.491,14:35:20.688,696,0.7s,6313,6.3s,54,0.1s,197,0.2s,6564,6.6s,"page:0, asset:1, contentFragment:1, i18nComponentStringDict:0, assetMetaData:0, tagMetadata:0, tag:0",1,,,,6,9993,2109,12102,3274
2026-10-03,31,translationjob2096,Nathalie Ai Translation Project,DE-DE,es_es,rmcf-ai-translatorion-connector,MACHINE_TRANSLATION,APPROVED,14:52:44.547,14:52:44.564,14:52:45.079,14:52:49.763,14:52:49.826,14:52:49.989,515,0.5s,5216,5.2s,63,0.1s,163,0.2s,5442,5.4s,"page:0, asset:1, contentFragment:1, i18nComponentStringDict:0, assetMetaData:0, tagMetadata:0, tag:0",1,,,,6,9963,2076,12039,3281
2026-10-03,32,translationjob2097,Nathalie Ai Translation Project,PT-PT,es_es,rmcf-ai-translatorion-connector,MACHINE_TRANSLATION,APPROVED,14:52:52.252,14:52:52.271,14:52:52.789,14:52:56.525,14:52:56.574,14:52:56.737,518,0.5s,4273,4.3s,49,0.0s,163,0.2s,4485,4.5s,"page:0, asset:1, contentFragment:1, i18nComponentStringDict:0, assetMetaData:0, tagMetadata:0, tag:0",1,,,,6,9963,2076,12039,3281
2026-10-03,33,translationjob2098,Nathalie Ai Translation Project,EN-US,es_es,rmcf-ai-translatorion-connector,MACHINE_TRANSLATION,APPROVED,14:52:59.122,14:52:59.139,14:52:59.874,14:53:03.180,14:53:03.242,14:53:03.423,735,0.7s,4058,4.1s,62,0.1s,181,0.2s,4301,4.3s,"page:0, asset:1, contentFragment:1, i18nComponentStringDict:0, assetMetaData:0, tagMetadata:0, tag:0",1,,,,6,9963,2076,12039,3281
2026-10-03,34,translationjob2099,Nathalie Ai Translation Project,AR-AE,es_es,rmcf-ai-translatorion-connector,MACHINE_TRANSLATION,APPROVED,14:53:05.543,14:53:05.565,14:53:06.254,14:53:10.249,14:53:10.305,14:53:10.538,689,0.7s,4706,4.7s,56,0.1s,233,0.2s,4995,5.0s,"page:0, asset:1, contentFragment:1, i18nComponentStringDict:0, assetMetaData:0, tagMetadata:0, tag:0",1,,,,6,9963,2076,12039,3281
2026-10-03,35,translationjob2100,Nathalie Ai Translation Project,FR-FR,es_es,rmcf-ai-translatorion-connector,MACHINE_TRANSLATION,APPROVED,14:53:12.669,14:53:12.689,14:53:13.195,14:53:16.604,14:53:16.686,14:53:16.867,506,0.5s,3935,3.9s,82,0.1s,181,0.2s,4198,4.2s,"page:0, asset:1, contentFragment:1, i18nComponentStringDict:0, assetMetaData:0, tagMetadata:0, tag:0",1,,,,6,9963,2076,12039,3281
2026-10-03,36,translationjob2101,Nathalie Ai Translation Project,JA-JP,es_es,rmcf-ai-translatorion-connector,MACHINE_TRANSLATION,APPROVED,14:53:19.090,14:53:19.111,14:53:19.763,14:53:24.076,14:53:24.201,14:53:24.545,652,0.7s,4986,5.0s,125,0.1s,344,0.3s,5455,5.5s,"page:0, asset:1, contentFragment:1, i18nComponentStringDict:0, assetMetaData:0, tagMetadata:0, tag:0",1,,,,6,9963,2076,12039,3281
2026-10-03,37,translationjob2102,Nathalie Ai Translation Project,DE-DE,es_es,rmcf-ai-translatorion-connector,MACHINE_TRANSLATION,APPROVED,16:11:40.199,16:11:40.226,16:11:40.502,16:11:45.844,16:11:45.910,16:11:45.995,276,0.3s,5645,5.6s,66,0.1s,85,0.1s,5796,5.8s,"page:0, asset:0, contentFragment:1, i18nComponentStringDict:0, assetMetaData:0, tagMetadata:0, tag:0",1,,,,6,10233,2385,12618,3717
2026-10-03,38,translationjob2103,Nathalie Ai Translation Project,PT-PT,es_es,rmcf-ai-translatorion-connector,MACHINE_TRANSLATION,APPROVED,16:11:48.206,16:11:48.231,16:11:48.448,16:11:51.640,16:11:51.715,16:11:51.807,217,0.2s,3434,3.4s,75,0.1s,92,0.1s,3601,3.6s,"page:0, asset:0, contentFragment:1, i18nComponentStringDict:0, assetMetaData:0, tagMetadata:0, tag:0",1,,,,6,10233,2385,12618,3717
2026-10-03,39,translationjob2104,Nathalie Ai Translation Project,EN-US,es_es,rmcf-ai-translatorion-connector,MACHINE_TRANSLATION,APPROVED,16:11:54.410,16:11:54.429,16:11:54.672,16:11:59.013,16:11:59.083,16:11:59.152,243,0.2s,4603,4.6s,70,0.1s,69,0.1s,4742,4.7s,"page:0, asset:0, contentFragment:1, i18nComponentStringDict:0, assetMetaData:0, tagMetadata:0, tag:0",1,,,,6,10233,2385,12618,3717
2026-10-03,40,translationjob2105,Nathalie Ai Translation Project,AR-AE,es_es,rmcf-ai-translatorion-connector,MACHINE_TRANSLATION,APPROVED,16:12:01.512,16:12:01.533,16:12:01.854,16:12:06.454,16:12:06.533,16:12:06.617,321,0.3s,4942,4.9s,79,0.1s,84,0.1s,5105,5.1s,"page:0, asset:0, contentFragment:1, i18nComponentStringDict:0, assetMetaData:0, tagMetadata:0, tag:0",1,,,,6,10233,2385,12618,3717
2026-10-03,41,translationjob2106,Nathalie Ai Translation Project,FR-FR,es_es,rmcf-ai-translatorion-connector,MACHINE_TRANSLATION,APPROVED,16:12:09.264,16:12:09.289,16:12:10.314,16:12:14.818,16:12:14.896,16:12:14.971,1025,1.0s,5554,5.6s,78,0.1s,75,0.1s,5707,5.7s,"page:0, asset:0, contentFragment:1, i18nComponentStringDict:0, assetMetaData:0, tagMetadata:0, tag:0",1,,,,6,10233,2385,12618,3717
2026-10-03,42,translationjob2107,Nathalie Ai Translation Project,JA-JP,es_es,rmcf-ai-translatorion-connector,MACHINE_TRANSLATION,APPROVED,16:12:17.819,16:12:17.840,16:12:18.103,16:12:22.787,16:12:22.850,16:12:22.929,263,0.3s,4968,5.0s,63,0.1s,79,0.1s,5110,5.1s,"page:0, asset:0, contentFragment:1, i18nComponentStringDict:0, assetMetaData:0, tagMetadata:0, tag:0",1,,,,6,10233,2385,12618,3717
2026-10-03,43,translationjob2108,Nathalie Ai Translation Project,DE-DE,es_es,rmcf-ai-translatorion-connector,MACHINE_TRANSLATION,APPROVED,16:20:46.545,16:20:46.583,16:20:47.074,16:20:52.233,16:20:52.338,16:20:52.432,491,0.5s,5688,5.7s,105,0.1s,94,0.1s,5887,5.9s,"page:0, asset:0, contentFragment:1, i18nComponentStringDict:0, assetMetaData:0, tagMetadata:0, tag:0",1,,,,6,9915,1979,11894,3369
2026-10-03,44,translationjob2109,Nathalie Ai Translation Project,PT-PT,es_es,rmcf-ai-translatorion-connector,MACHINE_TRANSLATION,APPROVED,16:20:53.983,16:20:54.011,16:20:54.369,16:20:57.444,16:20:57.530,16:20:57.627,358,0.4s,3461,3.5s,86,0.1s,97,0.1s,3644,3.6s,"page:0, asset:0, contentFragment:1, i18nComponentStringDict:0, assetMetaData:0, tagMetadata:0, tag:0",1,,,,6,9915,1979,11894,3369
2026-10-03,45,translationjob2110,Nathalie Ai Translation Project,EN-US,es_es,rmcf-ai-translatorion-connector,MACHINE_TRANSLATION,APPROVED,16:20:59.986,16:21:00.010,16:21:00.319,16:21:03.916,16:21:03.997,16:21:04.097,309,0.3s,3930,3.9s,81,0.1s,100,0.1s,4111,4.1s,"page:0, asset:0, contentFragment:1, i18nComponentStringDict:0, assetMetaData:0, tagMetadata:0, tag:0",1,,,,6,9915,1979,11894,3369
2026-10-03,46,translationjob2111,Nathalie Ai Translation Project,AR-AE,es_es,rmcf-ai-translatorion-connector,MACHINE_TRANSLATION,APPROVED,16:21:06.529,16:21:06.556,16:21:06.890,16:21:12.301,16:21:12.534,16:21:12.626,334,0.3s,5772,5.8s,233,0.2s,92,0.1s,6097,6.1s,"page:0, asset:0, contentFragment:1, i18nComponentStringDict:0, assetMetaData:0, tagMetadata:0, tag:0",1,,,,6,9915,1979,11894,3369
2026-10-03,47,translationjob2112,Nathalie Ai Translation Project,FR-FR,es_es,rmcf-ai-translatorion-connector,MACHINE_TRANSLATION,APPROVED,16:21:15.169,16:21:15.202,16:21:15.542,16:21:19.394,16:21:19.484,16:21:19.592,340,0.3s,4225,4.2s,90,0.1s,108,0.1s,4423,4.4s,"page:0, asset:0, contentFragment:1, i18nComponentStringDict:0, assetMetaData:0, tagMetadata:0, tag:0",1,,,,6,9915,1979,11894,3369
2026-10-03,48,translationjob2113,Nathalie Ai Translation Project,JA-JP,es_es,rmcf-ai-translatorion-connector,MACHINE_TRANSLATION,APPROVED,16:21:22.144,16:21:22.175,16:21:22.601,16:21:26.651,16:21:26.734,16:21:26.824,426,0.4s,4507,4.5s,83,0.1s,90,0.1s,4680,4.7s,"page:0, asset:0, contentFragment:1, i18nComponentStringDict:0, assetMetaData:0, tagMetadata:0, tag:0",1,,,,6,9915,1979,11894,3369
2026-10-03,49,translationjob2114,Nathalie Ai Translation Project,DE-DE,es_es,rmcf-ai-translatorion-connector,MACHINE_TRANSLATION,APPROVED,16:28:16.874,16:28:16.902,16:28:17.243,16:28:22.030,16:28:22.109,16:28:22.200,341,0.3s,5156,5.2s,79,0.1s,91,0.1s,5326,5.3s,"page:0, asset:0, contentFragment:1, i18nComponentStringDict:0, assetMetaData:0, tagMetadata:0, tag:0",1,,,,6,10881,3017,13898,3978
2026-10-03,50,translationjob2115,Nathalie Ai Translation Project,PT-PT,es_es,rmcf-ai-translatorion-connector,MACHINE_TRANSLATION,APPROVED,16:28:24.576,16:28:24.607,16:28:25.139,16:28:29.962,16:28:30.044,16:28:30.128,532,0.5s,5386,5.4s,82,0.1s,84,0.1s,5552,5.6s,"page:0, asset:0, contentFragment:1, i18nComponentStringDict:0, assetMetaData:0, tagMetadata:0, tag:0",1,,,,6,10881,3017,13898,3978
2026-10-03,51,translationjob2116,Nathalie Ai Translation Project,EN-US,es_es,rmcf-ai-translatorion-connector,MACHINE_TRANSLATION,APPROVED,16:28:33.551,16:28:33.576,16:28:33.830,16:28:37.476,16:28:37.547,16:28:37.745,254,0.3s,3925,3.9s,71,0.1s,198,0.2s,4194,4.2s,"page:0, asset:0, contentFragment:1, i18nComponentStringDict:0, assetMetaData:0, tagMetadata:0, tag:0",1,,,,6,10881,3017,13898,3978
2026-10-03,52,translationjob2117,Nathalie Ai Translation Project,AR-AE,es_es,rmcf-ai-translatorion-connector,MACHINE_TRANSLATION,APPROVED,16:28:41.092,16:28:41.116,16:28:41.546,16:28:46.843,16:28:46.918,16:28:46.983,430,0.4s,5751,5.8s,75,0.1s,65,0.1s,5891,5.9s,"page:0, asset:0, contentFragment:1, i18nComponentStringDict:0, assetMetaData:0, tagMetadata:0, tag:0",1,,,,6,10881,3017,13898,3978
2026-10-03,53,translationjob2118,Nathalie Ai Translation Project,FR-FR,es_es,rmcf-ai-translatorion-connector,MACHINE_TRANSLATION,APPROVED,16:28:49.928,16:28:49.949,16:28:50.224,16:28:54.403,16:28:54.467,16:28:54.549,275,0.3s,4475,4.5s,64,0.1s,82,0.1s,4621,4.6s,"page:0, asset:0, contentFragment:1, i18nComponentStringDict:0, assetMetaData:0, tagMetadata:0, tag:0",1,,,,6,10881,3017,13898,3978
2026-10-03,54,translationjob2119,Nathalie Ai Translation Project,JA-JP,es_es,rmcf-ai-translatorion-connector,MACHINE_TRANSLATION,APPROVED,16:28:57.549,16:28:57.569,16:28:57.848,16:29:03.164,16:29:03.226,16:29:03.306,279,0.3s,5615,5.6s,62,0.1s,80,0.1s,5757,5.8s,"page:0, asset:0, contentFragment:1, i18nComponentStringDict:0, assetMetaData:0, tagMetadata:0, tag:0",1,,,,6,10881,3017,13898,3978
2026-10-03,55,translationjob2120,Nathalie Ai Translation Project,DE-DE,es_es,rmcf-ai-translatorion-connector,MACHINE_TRANSLATION,APPROVED,16:57:21.436,16:57:21.451,16:57:21.680,16:57:25.967,16:57:26.018,16:57:26.092,229,0.2s,4531,4.5s,51,0.1s,74,0.1s,4656,4.7s,"page:0, asset:0, contentFragment:1, i18nComponentStringDict:0, assetMetaData:0, tagMetadata:0, tag:0",1,,,,6,10917,3050,13967,3814
2026-10-03,56,translationjob2121,Nathalie Ai Translation Project,PT-PT,es_es,rmcf-ai-translatorion-connector,MACHINE_TRANSLATION,APPROVED,16:57:27.694,16:57:27.710,16:57:27.871,16:57:31.385,16:57:31.430,16:57:31.481,161,0.2s,3691,3.7s,45,0.0s,51,0.1s,3787,3.8s,"page:0, asset:0, contentFragment:1, i18nComponentStringDict:0, assetMetaData:0, tagMetadata:0, tag:0",1,,,,6,10917,3050,13967,3814
2026-10-03,57,translationjob2122,Nathalie Ai Translation Project,EN-US,es_es,rmcf-ai-translatorion-connector,MACHINE_TRANSLATION,APPROVED,16:57:33.143,16:57:33.158,16:57:33.306,16:57:36.618,16:57:36.661,16:57:36.715,148,0.1s,3475,3.5s,43,0.0s,54,0.1s,3572,3.6s,"page:0, asset:0, contentFragment:1, i18nComponentStringDict:0, assetMetaData:0, tagMetadata:0, tag:0",1,,,,6,10917,3050,13967,3814
2026-10-03,58,translationjob2123,Nathalie Ai Translation Project,AR-AE,es_es,rmcf-ai-translatorion-connector,MACHINE_TRANSLATION,APPROVED,16:57:38.335,16:57:38.351,16:57:38.502,16:57:43.582,16:57:43.626,16:57:43.673,151,0.2s,5247,5.2s,44,0.0s,47,0.0s,5338,5.3s,"page:0, asset:0, contentFragment:1, i18nComponentStringDict:0, assetMetaData:0, tagMetadata:0, tag:0",1,,,,6,10917,3050,13967,3814
2026-10-03,59,translationjob2124,Nathalie Ai Translation Project,FR-FR,es_es,rmcf-ai-translatorion-connector,MACHINE_TRANSLATION,APPROVED,16:57:45.454,16:57:45.468,16:57:45.635,16:57:49.764,16:57:49.817,16:57:49.865,167,0.2s,4310,4.3s,53,0.1s,48,0.0s,4411,4.4s,"page:0, asset:0, contentFragment:1, i18nComponentStringDict:0, assetMetaData:0, tagMetadata:0, tag:0",1,,,,6,10917,3050,13967,3814
2026-10-03,60,translationjob2125,Nathalie Ai Translation Project,JA-JP,es_es,rmcf-ai-translatorion-connector,MACHINE_TRANSLATION,APPROVED,16:57:51.538,16:57:51.554,16:57:51.716,16:57:57.341,16:57:57.396,16:57:57.442,162,0.2s,5803,5.8s,55,0.1s,46,0.0s,5904,5.9s,"page:0, asset:0, contentFragment:1, i18nComponentStringDict:0, assetMetaData:0, tagMetadata:0, tag:0",1,,,,6,10917,3050,13967,3814
2026-10-03,61,translationjob2126,Nathalie Ai Translation Project,DE-DE,es_es,rmcf-ai-translatorion-connector,MACHINE_TRANSLATION,APPROVED,18:14:19.275,18:14:19.298,18:14:19.852,18:14:25.065,18:14:25.152,18:14:25.230,554,0.6s,5790,5.8s,87,0.1s,78,0.1s,5955,6.0s,"page:0, asset:0, contentFragment:1, i18nComponentStringDict:0, assetMetaData:0, tagMetadata:0, tag:0",1,,,,6,9801,1990,11791,3214
2026-10-03,62,translationjob2127,Nathalie Ai Translation Project,PT-PT,es_es,rmcf-ai-translatorion-connector,MACHINE_TRANSLATION,APPROVED,18:14:29.572,18:14:29.595,18:14:29.872,18:14:33.101,18:14:33.388,18:14:33.464,277,0.3s,3529,3.5s,287,0.3s,76,0.1s,3892,3.9s,"page:0, asset:0, contentFragment:1, i18nComponentStringDict:0, assetMetaData:0, tagMetadata:0, tag:0",1,,,,6,9801,1990,11791,3214
2026-10-03,63,translationjob2128,Nathalie Ai Translation Project,EN-US,es_es,rmcf-ai-translatorion-connector,MACHINE_TRANSLATION,APPROVED,18:14:38.706,18:14:38.732,18:14:39.048,18:14:42.519,18:14:42.585,18:14:42.684,316,0.3s,3813,3.8s,66,0.1s,99,0.1s,3978,4.0s,"page:0, asset:0, contentFragment:1, i18nComponentStringDict:0, assetMetaData:0, tagMetadata:0, tag:0",1,,,,6,9801,1990,11791,3214
2026-10-03,64,translationjob2129,Nathalie Ai Translation Project,AR-AE,es_es,rmcf-ai-translatorion-connector,MACHINE_TRANSLATION,APPROVED,18:14:48.174,18:14:48.199,18:14:48.734,18:14:53.142,18:14:53.219,18:14:53.294,535,0.5s,4968,5.0s,77,0.1s,75,0.1s,5120,5.1s,"page:0, asset:0, contentFragment:1, i18nComponentStringDict:0, assetMetaData:0, tagMetadata:0, tag:0",1,,,,6,9801,1990,11791,3214
2026-10-03,65,translationjob2130,Nathalie Ai Translation Project,FR-FR,es_es,rmcf-ai-translatorion-connector,MACHINE_TRANSLATION,APPROVED,18:14:58.858,18:14:58.882,18:14:59.185,18:15:03.510,18:15:03.587,18:15:03.658,303,0.3s,4652,4.7s,77,0.1s,71,0.1s,4800,4.8s,"page:0, asset:0, contentFragment:1, i18nComponentStringDict:0, assetMetaData:0, tagMetadata:0, tag:0",1,,,,6,9801,1990,11791,3214
2026-10-03,66,translationjob2131,Nathalie Ai Translation Project,JA-JP,es_es,rmcf-ai-translatorion-connector,MACHINE_TRANSLATION,APPROVED,18:15:08.920,18:15:08.941,18:15:09.283,18:15:14.282,18:15:14.361,18:15:14.447,342,0.3s,5362,5.4s,79,0.1s,86,0.1s,5527,5.5s,"page:0, asset:0, contentFragment:1, i18nComponentStringDict:0, assetMetaData:0, tagMetadata:0, tag:0",1,,,,6,9801,1990,11791,3214
2026-10-03,67,translationjob2132,Nathalie Ai Translation Project,DE-DE,es_es,rmcf-ai-translatorion-connector,MACHINE_TRANSLATION,APPROVED,18:35:01.623,18:35:01.640,18:35:01.885,18:35:05.494,18:35:05.545,18:35:05.610,245,0.2s,3871,3.9s,51,0.1s,65,0.1s,3987,4.0s,"page:0, asset:0, contentFragment:1, i18nComponentStringDict:0, assetMetaData:0, tagMetadata:0, tag:0",1,,,,6,9867,2025,11892,3183
2026-10-03,68,translationjob2133,Nathalie Ai Translation Project,PT-PT,es_es,rmcf-ai-translatorion-connector,MACHINE_TRANSLATION,APPROVED,18:35:07.076,18:35:07.092,18:35:07.351,18:35:10.440,18:35:10.485,18:35:10.555,259,0.3s,3364,3.4s,45,0.0s,70,0.1s,3479,3.5s,"page:0, asset:0, contentFragment:1, i18nComponentStringDict:0, assetMetaData:0, tagMetadata:0, tag:0",1,,,,6,9867,2025,11892,3183
2026-10-03,69,translationjob2134,Nathalie Ai Translation Project,EN-US,es_es,rmcf-ai-translatorion-connector,MACHINE_TRANSLATION,APPROVED,18:35:12.134,18:35:12.152,18:35:12.356,18:35:15.838,18:35:15.891,18:35:15.945,204,0.2s,3704,3.7s,53,0.1s,54,0.1s,3811,3.8s,"page:0, asset:0, contentFragment:1, i18nComponentStringDict:0, assetMetaData:0, tagMetadata:0, tag:0",1,,,,6,9867,2025,11892,3183
2026-10-03,70,translationjob2135,Nathalie Ai Translation Project,AR-AE,es_es,rmcf-ai-translatorion-connector,MACHINE_TRANSLATION,APPROVED,18:35:17.785,18:35:17.801,18:35:18.024,18:35:21.969,18:35:22.018,18:35:22.141,223,0.2s,4184,4.2s,49,0.0s,123,0.1s,4356,4.4s,"page:0, asset:0, contentFragment:1, i18nComponentStringDict:0, assetMetaData:0, tagMetadata:0, tag:0",1,,,,6,9867,2025,11892,3183
2026-10-03,71,translationjob2136,Nathalie Ai Translation Project,FR-FR,es_es,rmcf-ai-translatorion-connector,MACHINE_TRANSLATION,APPROVED,18:35:23.996,18:35:24.014,18:35:24.349,18:35:27.704,18:35:27.756,18:35:27.811,335,0.3s,3708,3.7s,52,0.1s,55,0.1s,3815,3.8s,"page:0, asset:0, contentFragment:1, i18nComponentStringDict:0, assetMetaData:0, tagMetadata:0, tag:0",1,,,,6,9867,2025,11892,3183
2026-10-03,72,translationjob2137,Nathalie Ai Translation Project,JA-JP,es_es,rmcf-ai-translatorion-connector,MACHINE_TRANSLATION,APPROVED,18:35:29.721,18:35:29.735,18:35:29.961,18:35:34.685,18:35:34.732,18:35:34.785,226,0.2s,4964,5.0s,47,0.0s,53,0.1s,5064,5.1s,"page:0, asset:0, contentFragment:1, i18nComponentStringDict:0, assetMetaData:0, tagMetadata:0, tag:0",1,,,,6,9867,2025,11892,3183
2026-10-03,73,translationjob2138,Nathalie Ai Translation Project,DE-DE,es_es,rmcf-ai-translatorion-connector,MACHINE_TRANSLATION,APPROVED,19:44:08.520,19:44:08.536,19:44:08.744,19:44:11.867,19:44:11.924,19:44:11.989,208,0.2s,3347,3.3s,57,0.1s,65,0.1s,3469,3.5s,"page:0, asset:0, contentFragment:1, i18nComponentStringDict:0, assetMetaData:0, tagMetadata:0, tag:0",1,,,,6,9183,1198,10381,2243
2026-10-03,74,translationjob2139,Nathalie Ai Translation Project,PT-PT,es_es,rmcf-ai-translatorion-connector,MACHINE_TRANSLATION,APPROVED,19:44:13.761,19:44:13.776,19:44:13.973,19:44:16.633,19:44:16.691,19:44:16.752,197,0.2s,2872,2.9s,58,0.1s,61,0.1s,2991,3.0s,"page:0, asset:0, contentFragment:1, i18nComponentStringDict:0, assetMetaData:0, tagMetadata:0, tag:0",1,,,,6,9183,1198,10381,2243
2026-10-03,75,translationjob2140,Nathalie Ai Translation Project,EN-US,es_es,rmcf-ai-translatorion-connector,MACHINE_TRANSLATION,APPROVED,19:44:18.508,19:44:18.530,19:44:18.795,19:44:21.495,19:44:21.557,19:44:21.628,265,0.3s,2987,3.0s,62,0.1s,71,0.1s,3120,3.1s,"page:0, asset:0, contentFragment:1, i18nComponentStringDict:0, assetMetaData:0, tagMetadata:0, tag:0",1,,,,6,9183,1198,10381,2243
2026-10-03,76,translationjob2141,Nathalie Ai Translation Project,AR-AE,es_es,rmcf-ai-translatorion-connector,MACHINE_TRANSLATION,APPROVED,19:44:23.346,19:44:23.363,19:44:23.619,19:44:26.410,19:44:26.472,19:44:26.531,256,0.3s,3064,3.1s,62,0.1s,59,0.1s,3185,3.2s,"page:0, asset:0, contentFragment:1, i18nComponentStringDict:0, assetMetaData:0, tagMetadata:0, tag:0",1,,,,6,9183,1198,10381,2243
2026-10-03,77,translationjob2142,Nathalie Ai Translation Project,FR-FR,es_es,rmcf-ai-translatorion-connector,MACHINE_TRANSLATION,APPROVED,19:44:28.302,19:44:28.319,19:44:28.530,19:44:30.872,19:44:30.915,19:44:30.966,211,0.2s,2570,2.6s,43,0.0s,51,0.1s,2664,2.7s,"page:0, asset:0, contentFragment:1, i18nComponentStringDict:0, assetMetaData:0, tagMetadata:0, tag:0",1,,,,6,9183,1198,10381,2243
2026-10-03,78,translationjob2143,Nathalie Ai Translation Project,JA-JP,es_es,rmcf-ai-translatorion-connector,MACHINE_TRANSLATION,APPROVED,19:44:32.631,19:44:32.647,19:44:32.916,19:44:35.751,19:44:35.813,19:44:35.885,269,0.3s,3120,3.1s,62,0.1s,72,0.1s,3254,3.3s,"page:0, asset:0, contentFragment:1, i18nComponentStringDict:0, assetMetaData:0, tagMetadata:0, tag:0",1,,,,6,9183,1198,10381,2243
2026-10-03,79,translationjob2144,Nathalie Ai Translation Project,DE-DE,es_es,rmcf-ai-translatorion-connector,MACHINE_TRANSLATION,APPROVED,21:11:42.638,21:11:42.658,21:11:42.967,21:12:06.787,21:12:06.840,21:12:06.921,309,0.3s,24149,24.1s,53,0.1s,81,0.1s,24283,24.3s,"page:0, asset:0, contentFragment:1, i18nComponentStringDict:0, assetMetaData:0, tagMetadata:0, tag:0",1,,,,18,45159,21758,66917,8246
2026-10-03,80,translationjob2145,Nathalie Ai Translation Project,PT-PT,es_es,rmcf-ai-translatorion-connector,MACHINE_TRANSLATION,APPROVED,21:12:08.832,21:12:08.850,21:12:09.043,21:12:31.728,21:12:31.795,21:12:31.853,193,0.2s,22896,22.9s,67,0.1s,58,0.1s,23021,23.0s,"page:0, asset:0, contentFragment:1, i18nComponentStringDict:0, assetMetaData:0, tagMetadata:0, tag:0",1,,,,18,45159,21758,66917,8246
2026-10-03,81,translationjob2146,Nathalie Ai Translation Project,EN-US,es_es,rmcf-ai-translatorion-connector,MACHINE_TRANSLATION,APPROVED,21:12:33.880,21:12:33.896,21:12:34.114,21:13:01.593,21:13:01.649,21:13:01.708,218,0.2s,27713,27.7s,56,0.1s,59,0.1s,27828,27.8s,"page:0, asset:0, contentFragment:1, i18nComponentStringDict:0, assetMetaData:0, tagMetadata:0, tag:0",1,,,,18,45159,21758,66917,8246
2026-10-03,82,translationjob2147,Nathalie Ai Translation Project,AR-AE,es_es,rmcf-ai-translatorion-connector,MACHINE_TRANSLATION,APPROVED,21:13:03.361,21:13:03.381,21:13:03.603,21:13:30.496,21:13:30.564,21:13:30.634,222,0.2s,27135,27.1s,68,0.1s,70,0.1s,27273,27.3s,"page:0, asset:0, contentFragment:1, i18nComponentStringDict:0, assetMetaData:0, tagMetadata:0, tag:0",1,,,,18,45159,21758,66917,8246
2026-10-03,83,translationjob2148,Nathalie Ai Translation Project,FR-FR,es_es,rmcf-ai-translatorion-connector,MACHINE_TRANSLATION,APPROVED,21:13:31.783,21:13:31.802,21:13:32.123,21:13:55.336,21:13:55.391,21:13:55.449,321,0.3s,23553,23.6s,55,0.1s,58,0.1s,23666,23.7s,"page:0, asset:0, contentFragment:1, i18nComponentStringDict:0, assetMetaData:0, tagMetadata:0, tag:0",1,,,,18,45159,21758,66917,8246
2026-10-03,84,translationjob2149,Nathalie Ai Translation Project,JA-JP,es_es,rmcf-ai-translatorion-connector,MACHINE_TRANSLATION,APPROVED,21:13:57.063,21:13:57.080,21:13:57.305,21:14:27.780,21:14:27.843,21:14:27.911,225,0.2s,30717,30.7s,63,0.1s,68,0.1s,30848,30.8s,"page:0, asset:0, contentFragment:1, i18nComponentStringDict:0, assetMetaData:0, tagMetadata:0, tag:0",1,,,,18,45159,21758,66917,8246
2026-10-03,85,translationjob2150,Nathalie Ai Translation Project,DE-DE,es_es,rmcf-ai-translatorion-connector,MACHINE_TRANSLATION,APPROVED,21:37:23.350,21:37:23.373,21:37:23.957,21:37:29.360,21:37:29.413,21:37:29.868,584,0.6s,6010,6.0s,53,0.1s,455,0.5s,6518,6.5s,"page:0, asset:1, contentFragment:1, i18nComponentStringDict:0, assetMetaData:0, tagMetadata:0, tag:0",1,,,,6,10929,3231,14160,4198
2026-10-03,86,translationjob2151,Nathalie Ai Translation Project,PT-PT,es_es,rmcf-ai-translatorion-connector,MACHINE_TRANSLATION,APPROVED,21:37:31.952,21:37:31.971,21:37:32.662,21:37:36.656,21:37:36.728,21:37:36.907,691,0.7s,4704,4.7s,72,0.1s,179,0.2s,4955,5.0s,"page:0, asset:1, contentFragment:1, i18nComponentStringDict:0, assetMetaData:0, tagMetadata:0, tag:0",1,,,,6,10929,3231,14160,4198
2026-10-03,87,translationjob2152,Nathalie Ai Translation Project,EN-US,es_es,rmcf-ai-translatorion-connector,MACHINE_TRANSLATION,APPROVED,21:37:39.010,21:37:39.027,21:37:39.429,21:37:44.221,21:37:44.275,21:37:44.473,402,0.4s,5211,5.2s,54,0.1s,198,0.2s,5463,5.5s,"page:0, asset:1, contentFragment:1, i18nComponentStringDict:0, assetMetaData:0, tagMetadata:0, tag:0",1,,,,6,10929,3231,14160,4198
2026-10-03,88,translationjob2153,Nathalie Ai Translation Project,AR-AE,es_es,rmcf-ai-translatorion-connector,MACHINE_TRANSLATION,APPROVED,21:37:46.578,21:37:46.603,21:37:46.976,21:37:51.620,21:37:51.668,21:37:51.945,373,0.4s,5042,5.0s,48,0.0s,277,0.3s,5367,5.4s,"page:0, asset:1, contentFragment:1, i18nComponentStringDict:0, assetMetaData:0, tagMetadata:0, tag:0",1,,,,6,10929,3231,14160,4198
2026-10-03,89,translationjob2154,Nathalie Ai Translation Project,FR-FR,es_es,rmcf-ai-translatorion-connector,MACHINE_TRANSLATION,APPROVED,21:37:54.064,21:37:54.084,21:37:54.508,21:37:59.041,21:37:59.093,21:37:59.541,424,0.4s,4977,5.0s,52,0.1s,448,0.4s,5477,5.5s,"page:0, asset:1, contentFragment:1, i18nComponentStringDict:0, assetMetaData:0, tagMetadata:0, tag:0",1,,,,6,10929,3231,14160,4198
2026-10-03,90,translationjob2155,Nathalie Ai Translation Project,JA-JP,es_es,rmcf-ai-translatorion-connector,MACHINE_TRANSLATION,APPROVED,21:38:01.532,21:38:01.548,21:38:02.002,21:38:08.136,21:38:08.278,21:38:08.614,454,0.5s,6604,6.6s,142,0.1s,336,0.3s,7082,7.1s,"page:0, asset:1, contentFragment:1, i18nComponentStringDict:0, assetMetaData:0, tagMetadata:0, tag:0",1,,,,6,10929,3231,14160,4198
2026-10-03,91,translationjob2156,Nathalie Ai Translation Project,DE-DE,es_es,rmcf-ai-translatorion-connector,MACHINE_TRANSLATION,APPROVED,22:01:12.639,22:01:12.659,22:01:13.631,22:01:19.855,22:01:19.920,22:01:20.102,972,1.0s,7216,7.2s,65,0.1s,182,0.2s,7463,7.5s,"page:0, asset:0, contentFragment:2, i18nComponentStringDict:0, assetMetaData:0, tagMetadata:0, tag:0",1,,,,12,18192,2278,20470,2260
2026-10-03,92,translationjob2157,Nathalie Ai Translation Project,PT-PT,es_es,rmcf-ai-translatorion-connector,MACHINE_TRANSLATION,APPROVED,22:01:22.101,22:01:22.119,22:01:22.837,22:01:28.590,22:01:28.648,22:01:28.780,718,0.7s,6489,6.5s,58,0.1s,132,0.1s,6679,6.7s,"page:0, asset:0, contentFragment:2, i18nComponentStringDict:0, assetMetaData:0, tagMetadata:0, tag:0",1,,,,12,18192,2278,20470,2260
2026-10-03,93,translationjob2158,Nathalie Ai Translation Project,EN-US,es_es,rmcf-ai-translatorion-connector,MACHINE_TRANSLATION,APPROVED,22:01:31.414,22:01:31.432,22:01:32.669,22:01:37.059,22:01:37.118,22:01:38.534,1237,1.2s,5645,5.6s,59,0.1s,1416,1.4s,7120,7.1s,"page:0, asset:0, contentFragment:2, i18nComponentStringDict:0, assetMetaData:0, tagMetadata:0, tag:0",1,,,,12,18192,2278,20470,2260
2026-10-03,94,translationjob2159,Nathalie Ai Translation Project,AR-AE,es_es,rmcf-ai-translatorion-connector,MACHINE_TRANSLATION,APPROVED,22:01:40.669,22:01:40.700,22:01:41.348,22:01:47.809,22:01:47.858,22:01:47.974,648,0.6s,7140,7.1s,49,0.0s,116,0.1s,7305,7.3s,"page:0, asset:0, contentFragment:2, i18nComponentStringDict:0, assetMetaData:0, tagMetadata:0, tag:0",1,,,,12,18192,2278,20470,2260
2026-10-03,95,translationjob2160,Nathalie Ai Translation Project,FR-FR,es_es,rmcf-ai-translatorion-connector,MACHINE_TRANSLATION,APPROVED,22:01:50.577,22:01:50.594,22:01:51.107,22:01:56.785,22:01:56.859,22:01:56.983,513,0.5s,6208,6.2s,74,0.1s,124,0.1s,6406,6.4s,"page:0, asset:0, contentFragment:2, i18nComponentStringDict:0, assetMetaData:0, tagMetadata:0, tag:0",1,,,,12,18192,2278,20470,2260
2026-10-03,96,translationjob2161,Nathalie Ai Translation Project,JA-JP,es_es,rmcf-ai-translatorion-connector,MACHINE_TRANSLATION,APPROVED,22:01:59.441,22:01:59.463,22:01:59.964,22:02:06.259,22:02:06.332,22:02:06.457,501,0.5s,6818,6.8s,73,0.1s,125,0.1s,7016,7.0s,"page:0, asset:0, contentFragment:2, i18nComponentStringDict:0, assetMetaData:0, tagMetadata:0, tag:0",1,,,,12,18192,2278,20470,2260
2026-10-04,1,translationjob687,Ana Ai Translation Project,DE-DE,es_es,rmcf-ai-translatorion-connector,MACHINE_TRANSLATION,APPROVED,13:13:17.091,13:13:17.109,13:13:17.300,13:13:27.242,13:13:27.298,13:13:27.361,191,0.2s,10151,10.2s,56,0.1s,63,0.1s,10270,10.3s,"page:0, asset:0, contentFragment:1, i18nComponentStringDict:0, assetMetaData:0, tagMetadata:0, tag:0",1,,,,6,13815,6300,20115,9020
2026-10-04,2,translationjob688,Ana Ai Translation Project,PT-PT,es_es,rmcf-ai-translatorion-connector,MACHINE_TRANSLATION,APPROVED,13:13:27.963,13:13:27.978,13:13:28.147,13:13:35.789,13:13:35.834,13:13:35.888,169,0.2s,7826,7.8s,45,0.0s,54,0.1s,7925,7.9s,"page:0, asset:0, contentFragment:1, i18nComponentStringDict:0, assetMetaData:0, tagMetadata:0, tag:0",1,,,,6,13815,6300,20115,9020
2026-10-04,3,translationjob689,Ana Ai Translation Project,EN-US,es_es,rmcf-ai-translatorion-connector,MACHINE_TRANSLATION,APPROVED,13:13:36.545,13:13:36.561,13:13:36.717,13:13:45.219,13:13:45.265,13:13:45.315,156,0.2s,8674,8.7s,46,0.0s,50,0.1s,8770,8.8s,"page:0, asset:0, contentFragment:1, i18nComponentStringDict:0, assetMetaData:0, tagMetadata:0, tag:0",1,,,,6,13815,6300,20115,9020
2026-10-04,4,translationjob690,Ana Ai Translation Project,AR-AE,es_es,rmcf-ai-translatorion-connector,MACHINE_TRANSLATION,APPROVED,13:13:45.941,13:13:45.957,13:13:46.126,13:13:56.604,13:13:56.652,13:13:56.732,169,0.2s,10663,10.7s,48,0.0s,80,0.1s,10791,10.8s,"page:0, asset:0, contentFragment:1, i18nComponentStringDict:0, assetMetaData:0, tagMetadata:0, tag:0",1,,,,6,13815,6300,20115,9020
2026-10-04,5,translationjob691,Ana Ai Translation Project,FR-FR,es_es,rmcf-ai-translatorion-connector,MACHINE_TRANSLATION,APPROVED,13:13:57.354,13:13:57.369,13:13:57.534,13:14:07.298,13:14:07.341,13:14:07.425,165,0.2s,9944,9.9s,43,0.0s,84,0.1s,10071,10.1s,"page:0, asset:0, contentFragment:1, i18nComponentStringDict:0, assetMetaData:0, tagMetadata:0, tag:0",1,,,,6,13815,6300,20115,9020
2026-10-04,6,translationjob692,Ana Ai Translation Project,JA-JP,es_es,rmcf-ai-translatorion-connector,MACHINE_TRANSLATION,APPROVED,13:14:08.064,13:14:08.080,13:14:08.239,13:14:19.254,13:14:19.302,13:14:19.348,159,0.2s,11190,11.2s,48,0.0s,46,0.0s,11284,11.3s,"page:0, asset:0, contentFragment:1, i18nComponentStringDict:0, assetMetaData:0, tagMetadata:0, tag:0",1,,,,6,13815,6300,20115,9020
2026-10-04,7,translationjob693,Ana Ai Translation Project,DE-DE,es_es,rmcf-ai-translatorion-connector,MACHINE_TRANSLATION,APPROVED,14:29:02.132,14:29:02.152,14:29:02.396,14:29:08.766,14:29:08.826,14:29:08.893,244,0.2s,6634,6.6s,60,0.1s,67,0.1s,6761,6.8s,"page:0, asset:0, contentFragment:1, i18nComponentStringDict:0, assetMetaData:0, tagMetadata:0, tag:0",1,,,,6,11769,4105,15874,8490
2026-10-04,8,translationjob694,Ana Ai Translation Project,PT-PT,es_es,rmcf-ai-translatorion-connector,MACHINE_TRANSLATION,APPROVED,14:29:09.626,14:29:09.643,14:29:09.846,14:29:16.017,14:29:16.077,14:29:16.136,203,0.2s,6391,6.4s,60,0.1s,59,0.1s,6510,6.5s,"page:0, asset:0, contentFragment:1, i18nComponentStringDict:0, assetMetaData:0, tagMetadata:0, tag:0",1,,,,6,11769,4105,15874,8490
2026-10-04,9,translationjob695,Ana Ai Translation Project,EN-US,es_es,rmcf-ai-translatorion-connector,MACHINE_TRANSLATION,APPROVED,14:29:16.852,14:29:16.869,14:29:17.086,14:29:25.844,14:29:25.893,14:29:25.954,217,0.2s,8992,9.0s,49,0.0s,61,0.1s,9102,9.1s,"page:0, asset:0, contentFragment:1, i18nComponentStringDict:0, assetMetaData:0, tagMetadata:0, tag:0",1,,,,6,11769,4105,15874,8490
2026-10-04,10,translationjob696,Ana Ai Translation Project,AR-AE,es_es,rmcf-ai-translatorion-connector,MACHINE_TRANSLATION,APPROVED,14:29:26.611,14:29:26.628,14:29:26.831,14:29:34.294,14:29:34.351,14:29:34.417,203,0.2s,7683,7.7s,57,0.1s,66,0.1s,7806,7.8s,"page:0, asset:0, contentFragment:1, i18nComponentStringDict:0, assetMetaData:0, tagMetadata:0, tag:0",1,,,,6,11769,4105,15874,8490
2026-10-04,11,translationjob697,Ana Ai Translation Project,FR-FR,es_es,rmcf-ai-translatorion-connector,MACHINE_TRANSLATION,APPROVED,14:29:35.126,14:29:35.145,14:29:35.353,14:29:52.133,14:29:52.188,14:29:52.252,208,0.2s,17007,17.0s,55,0.1s,64,0.1s,17126,17.1s,"page:0, asset:0, contentFragment:1, i18nComponentStringDict:0, assetMetaData:0, tagMetadata:0, tag:0",1,,,,6,11769,4105,15874,8490
2026-10-04,12,translationjob698,Ana Ai Translation Project,JA-JP,es_es,rmcf-ai-translatorion-connector,MACHINE_TRANSLATION,APPROVED,14:29:52.962,14:29:52.979,14:29:53.243,14:30:02.045,14:30:02.115,14:30:02.182,264,0.3s,9083,9.1s,70,0.1s,67,0.1s,9220,9.2s,"page:0, asset:0, contentFragment:1, i18nComponentStringDict:0, assetMetaData:0, tagMetadata:0, tag:0",1,,,,6,11769,4105,15874,8490
2026-10-04,13,translationjob699,Ana Ai Translation Project,DE-DE,es_es,rmcf-ai-translatorion-connector,MACHINE_TRANSLATION,APPROVED,16:41:53.759,16:41:53.777,16:41:54.368,16:42:00.200,16:42:00.259,16:42:00.590,591,0.6s,6441,6.4s,59,0.1s,331,0.3s,6831,6.8s,"page:0, asset:1, contentFragment:2, i18nComponentStringDict:0, assetMetaData:0, tagMetadata:0, tag:0",1,,,,12,17952,1952,19904,1986
2026-10-04,14,translationjob700,Ana Ai Translation Project,PT-PT,es_es,rmcf-ai-translatorion-connector,MACHINE_TRANSLATION,APPROVED,16:42:01.433,16:42:01.451,16:42:02.222,16:42:07.039,16:42:07.096,16:42:07.296,771,0.8s,5606,5.6s,57,0.1s,200,0.2s,5863,5.9s,"page:0, asset:1, contentFragment:2, i18nComponentStringDict:0, assetMetaData:0, tagMetadata:0, tag:0",1,,,,12,17952,1952,19904,1986
2026-10-04,15,translationjob701,Ana Ai Translation Project,EN-US,es_es,rmcf-ai-translatorion-connector,MACHINE_TRANSLATION,APPROVED,16:42:08.034,16:42:08.050,16:42:09.114,16:42:13.380,16:42:13.442,16:42:14.719,1064,1.1s,5346,5.3s,62,0.1s,1277,1.3s,6685,6.7s,"page:0, asset:1, contentFragment:2, i18nComponentStringDict:0, assetMetaData:0, tagMetadata:0, tag:0",1,,,,12,17952,1952,19904,1986
2026-10-04,16,translationjob702,Ana Ai Translation Project,AR-AE,es_es,rmcf-ai-translatorion-connector,MACHINE_TRANSLATION,APPROVED,16:42:15.549,16:42:15.570,16:42:16.812,16:42:22.222,16:42:22.279,16:42:22.495,1242,1.2s,6673,6.7s,57,0.1s,216,0.2s,6946,6.9s,"page:0, asset:1, contentFragment:2, i18nComponentStringDict:0, assetMetaData:0, tagMetadata:0, tag:0",1,,,,12,17952,1952,19904,1986
2026-10-04,17,translationjob703,Ana Ai Translation Project,DE-DE,es_es,rmcf-ai-translatorion-connector,MACHINE_TRANSLATION,APPROVED,16:42:19.755,16:42:19.776,16:42:20.652,16:42:25.099,16:42:25.171,16:42:25.524,876,0.9s,5344,5.3s,72,0.1s,353,0.4s,5769,5.8s,"page:0, asset:1, contentFragment:2, i18nComponentStringDict:0, assetMetaData:0, tagMetadata:0, tag:0",1,,,,12,18414,2462,20876,2267
2026-10-04,18,translationjob704,Ana Ai Translation Project,FR-FR,es_es,rmcf-ai-translatorion-connector,MACHINE_TRANSLATION,APPROVED,16:42:23.436,16:42:23.458,16:42:24.358,16:42:29.404,16:42:29.472,16:42:29.744,900,0.9s,5968,6.0s,68,0.1s,272,0.3s,6308,6.3s,"page:0, asset:1, contentFragment:2, i18nComponentStringDict:0, assetMetaData:0, tagMetadata:0, tag:0",1,,,,12,17952,1952,19904,1986
2026-10-04,19,translationjob705,Ana Ai Translation Project,PT-PT,es_es,rmcf-ai-translatorion-connector,MACHINE_TRANSLATION,APPROVED,16:42:26.302,16:42:26.318,16:42:27.052,16:42:32.388,16:42:32.449,16:42:32.703,734,0.7s,6086,6.1s,61,0.1s,254,0.3s,6401,6.4s,"page:0, asset:1, contentFragment:2, i18nComponentStringDict:0, assetMetaData:0, tagMetadata:0, tag:0",1,,,,12,18414,2462,20876,2267
2026-10-04,20,translationjob706,Ana Ai Translation Project,JA-JP,es_es,rmcf-ai-translatorion-connector,MACHINE_TRANSLATION,APPROVED,16:42:30.573,16:42:30.592,16:42:31.302,16:42:36.630,16:42:36.693,16:42:36.985,710,0.7s,6057,6.1s,63,0.1s,292,0.3s,6412,6.4s,"page:0, asset:1, contentFragment:2, i18nComponentStringDict:0, assetMetaData:0, tagMetadata:0, tag:0",1,,,,12,17952,1952,19904,1986
2026-10-04,21,translationjob707,Ana Ai Translation Project,EN-US,es_es,rmcf-ai-translatorion-connector,MACHINE_TRANSLATION,APPROVED,16:42:33.485,16:42:33.502,16:42:34.538,16:42:40.464,16:42:40.525,16:42:41.722,1036,1.0s,6979,7.0s,61,0.1s,1197,1.2s,8237,8.2s,"page:0, asset:1, contentFragment:2, i18nComponentStringDict:0, assetMetaData:0, tagMetadata:0, tag:0",1,,,,12,18414,2462,20876,2267
2026-10-04,22,translationjob708,Ana Ai Translation Project,AR-AE,es_es,rmcf-ai-translatorion-connector,MACHINE_TRANSLATION,APPROVED,16:42:42.629,16:42:42.652,16:42:43.752,16:42:50.221,16:42:50.333,16:42:50.854,1100,1.1s,7592,7.6s,112,0.1s,521,0.5s,8225,8.2s,"page:0, asset:1, contentFragment:2, i18nComponentStringDict:0, assetMetaData:0, tagMetadata:0, tag:0",1,,,,12,18414,2462,20876,2267
2026-10-04,23,translationjob709,Ana Ai Translation Project,FR-FR,es_es,rmcf-ai-translatorion-connector,MACHINE_TRANSLATION,APPROVED,16:42:51.633,16:42:51.653,16:42:52.472,16:42:58.053,16:42:58.141,16:42:58.420,819,0.8s,6420,6.4s,88,0.1s,279,0.3s,6787,6.8s,"page:0, asset:1, contentFragment:2, i18nComponentStringDict:0, assetMetaData:0, tagMetadata:0, tag:0",1,,,,12,18414,2462,20876,2267
2026-10-04,24,translationjob710,Ana Ai Translation Project,JA-JP,es_es,rmcf-ai-translatorion-connector,MACHINE_TRANSLATION,APPROVED,16:42:59.239,16:42:59.260,16:43:00.225,16:43:06.840,16:43:06.900,16:43:07.152,965,1.0s,7601,7.6s,60,0.1s,252,0.3s,7913,7.9s,"page:0, asset:1, contentFragment:2, i18nComponentStringDict:0, assetMetaData:0, tagMetadata:0, tag:0",1,,,,12,18414,2462,20876,2267
2026-10-04,25,translationjob711,Ana Ai Translation Project,DE-DE,es_es,rmcf-ai-translatorion-connector,MACHINE_TRANSLATION,APPROVED,16:53:48.719,16:53:48.734,16:53:49.228,16:53:53.902,16:53:53.956,16:53:54.115,494,0.5s,5183,5.2s,54,0.1s,159,0.2s,5396,5.4s,"page:0, asset:1, contentFragment:1, i18nComponentStringDict:0, assetMetaData:0, tagMetadata:0, tag:0",1,,,,6,10761,2990,13751,4140
2026-10-04,26,translationjob712,Ana Ai Translation Project,PT-PT,es_es,rmcf-ai-translatorion-connector,MACHINE_TRANSLATION,APPROVED,16:53:54.985,16:53:55.001,16:53:55.366,16:53:59.559,16:53:59.617,16:53:59.787,365,0.4s,4574,4.6s,58,0.1s,170,0.2s,4802,4.8s,"page:0, asset:1, contentFragment:1, i18nComponentStringDict:0, assetMetaData:0, tagMetadata:0, tag:0",1,,,,6,10761,2990,13751,4140
2026-10-04,27,translationjob713,Ana Ai Translation Project,EN-US,es_es,rmcf-ai-translatorion-connector,MACHINE_TRANSLATION,APPROVED,16:54:00.674,16:54:00.691,16:54:01.101,16:54:05.089,16:54:05.205,16:54:05.419,410,0.4s,4415,4.4s,116,0.1s,214,0.2s,4745,4.7s,"page:0, asset:1, contentFragment:1, i18nComponentStringDict:0, assetMetaData:0, tagMetadata:0, tag:0",1,,,,6,10761,2990,13751,4140
2026-10-04,28,translationjob714,Ana Ai Translation Project,AR-AE,es_es,rmcf-ai-translatorion-connector,MACHINE_TRANSLATION,APPROVED,16:54:06.188,16:54:06.207,16:54:06.699,16:54:12.477,16:54:12.543,16:54:12.693,492,0.5s,6289,6.3s,66,0.1s,150,0.1s,6505,6.5s,"page:0, asset:1, contentFragment:1, i18nComponentStringDict:0, assetMetaData:0, tagMetadata:0, tag:0",1,,,,6,10761,2990,13751,4140
2026-10-04,29,translationjob715,Ana Ai Translation Project,FR-FR,es_es,rmcf-ai-translatorion-connector,MACHINE_TRANSLATION,APPROVED,16:54:13.404,16:54:13.421,16:54:13.938,16:54:18.080,16:54:18.130,16:54:18.304,517,0.5s,4676,4.7s,50,0.1s,174,0.2s,4900,4.9s,"page:0, asset:1, contentFragment:1, i18nComponentStringDict:0, assetMetaData:0, tagMetadata:0, tag:0",1,,,,6,10761,2990,13751,4140
2026-10-04,30,translationjob716,Ana Ai Translation Project,JA-JP,es_es,rmcf-ai-translatorion-connector,MACHINE_TRANSLATION,APPROVED,16:54:19.030,16:54:19.047,16:54:19.508,16:54:25.513,16:54:25.564,16:54:25.773,461,0.5s,6483,6.5s,51,0.1s,209,0.2s,6743,6.7s,"page:0, asset:1, contentFragment:1, i18nComponentStringDict:0, assetMetaData:0, tagMetadata:0, tag:0",1,,,,6,10761,2990,13751,4140
2026-10-04,31,translationjob717,Ana Ai Translation Project,DE-DE,es_es,rmcf-ai-translatorion-connector,MACHINE_TRANSLATION,APPROVED,17:01:01.993,17:01:02.017,17:01:02.261,17:01:04.810,17:01:04.874,17:01:04.971,244,0.2s,2817,2.8s,64,0.1s,97,0.1s,2978,3.0s,"page:0, asset:0, contentFragment:1, i18nComponentStringDict:0, assetMetaData:0, tagMetadata:0, tag:0",1,,,,6,8949,990,9939,2214
2026-10-04,32,translationjob718,Ana Ai Translation Project,PT-PT,es_es,rmcf-ai-translatorion-connector,MACHINE_TRANSLATION,APPROVED,17:01:05.743,17:01:05.761,17:01:06.009,17:01:08.368,17:01:08.426,17:01:08.480,248,0.2s,2625,2.6s,58,0.1s,54,0.1s,2737,2.7s,"page:0, asset:0, contentFragment:1, i18nComponentStringDict:0, assetMetaData:0, tagMetadata:0, tag:0",1,,,,6,8949,990,9939,2214
2026-10-04,33,translationjob719,Ana Ai Translation Project,EN-US,es_es,rmcf-ai-translatorion-connector,MACHINE_TRANSLATION,APPROVED,17:01:09.163,17:01:09.184,17:01:09.398,17:01:12.232,17:01:12.283,17:01:12.343,214,0.2s,3069,3.1s,51,0.1s,60,0.1s,3180,3.2s,"page:0, asset:0, contentFragment:1, i18nComponentStringDict:0, assetMetaData:0, tagMetadata:0, tag:0",1,,,,6,8949,990,9939,2214
2026-10-04,34,translationjob720,Ana Ai Translation Project,AR-AE,es_es,rmcf-ai-translatorion-connector,MACHINE_TRANSLATION,APPROVED,17:01:13.194,17:01:13.215,17:01:13.447,17:01:16.731,17:01:16.781,17:01:16.841,232,0.2s,3537,3.5s,50,0.1s,60,0.1s,3647,3.6s,"page:0, asset:0, contentFragment:1, i18nComponentStringDict:0, assetMetaData:0, tagMetadata:0, tag:0",1,,,,6,8949,990,9939,2214
2026-10-04,35,translationjob721,Ana Ai Translation Project,FR-FR,es_es,rmcf-ai-translatorion-connector,MACHINE_TRANSLATION,APPROVED,17:01:17.732,17:01:17.749,17:01:17.988,17:01:20.425,17:01:20.482,17:01:20.658,239,0.2s,2693,2.7s,57,0.1s,176,0.2s,2926,2.9s,"page:0, asset:0, contentFragment:1, i18nComponentStringDict:0, assetMetaData:0, tagMetadata:0, tag:0",1,,,,6,8949,990,9939,2214
2026-10-04,36,translationjob722,Ana Ai Translation Project,JA-JP,es_es,rmcf-ai-translatorion-connector,MACHINE_TRANSLATION,APPROVED,17:01:21.553,17:01:21.570,17:01:21.800,17:01:24.826,17:01:24.887,17:01:24.997,230,0.2s,3273,3.3s,61,0.1s,110,0.1s,3444,3.4s,"page:0, asset:0, contentFragment:1, i18nComponentStringDict:0, assetMetaData:0, tagMetadata:0, tag:0",1,,,,6,8949,990,9939,2214
2026-10-04,37,translationjob723,Ana Ai Translation Project,DE-DE,es_es,rmcf-ai-translatorion-connector,MACHINE_TRANSLATION,APPROVED,19:08:27.619,19:08:27.636,19:08:27.890,19:08:34.750,19:08:34.791,19:08:34.844,254,0.3s,7131,7.1s,41,0.0s,53,0.1s,7225,7.2s,"page:0, asset:0, contentFragment:1, i18nComponentStringDict:0, assetMetaData:0, tagMetadata:0, tag:0",1,,,,6,12171,4264,16435,5008
2026-10-04,38,translationjob724,Ana Ai Translation Project,PT-PT,es_es,rmcf-ai-translatorion-connector,MACHINE_TRANSLATION,APPROVED,19:08:35.330,19:08:35.347,19:08:35.737,19:08:40.587,19:08:40.693,19:08:40.764,390,0.4s,5257,5.3s,106,0.1s,71,0.1s,5434,5.4s,"page:0, asset:0, contentFragment:1, i18nComponentStringDict:0, assetMetaData:0, tagMetadata:0, tag:0",1,,,,6,12171,4264,16435,5008
2026-10-04,39,translationjob725,Ana Ai Translation Project,EN-US,es_es,rmcf-ai-translatorion-connector,MACHINE_TRANSLATION,APPROVED,19:08:41.389,19:08:41.404,19:08:41.558,19:08:45.779,19:08:45.825,19:08:45.899,154,0.2s,4390,4.4s,46,0.0s,74,0.1s,4510,4.5s,"page:0, asset:0, contentFragment:1, i18nComponentStringDict:0, assetMetaData:0, tagMetadata:0, tag:0",1,,,,6,12171,4264,16435,5008
2026-10-04,40,translationjob726,Ana Ai Translation Project,AR-AE,es_es,rmcf-ai-translatorion-connector,MACHINE_TRANSLATION,APPROVED,19:08:46.563,19:08:46.578,19:08:46.734,19:08:52.292,19:08:52.340,19:08:52.390,156,0.2s,5729,5.7s,48,0.0s,50,0.1s,5827,5.8s,"page:0, asset:0, contentFragment:1, i18nComponentStringDict:0, assetMetaData:0, tagMetadata:0, tag:0",1,,,,6,12171,4264,16435,5008
2026-10-04,41,translationjob727,Ana Ai Translation Project,FR-FR,es_es,rmcf-ai-translatorion-connector,MACHINE_TRANSLATION,APPROVED,19:08:52.983,19:08:52.997,19:08:53.213,19:08:57.755,19:08:57.802,19:08:57.850,216,0.2s,4772,4.8s,47,0.0s,48,0.0s,4867,4.9s,"page:0, asset:0, contentFragment:1, i18nComponentStringDict:0, assetMetaData:0, tagMetadata:0, tag:0",1,,,,6,12171,4264,16435,5008
2026-10-04,42,translationjob728,Ana Ai Translation Project,JA-JP,es_es,rmcf-ai-translatorion-connector,MACHINE_TRANSLATION,APPROVED,19:08:58.461,19:08:58.474,19:08:58.625,19:09:05.265,19:09:05.319,19:09:05.373,151,0.2s,6804,6.8s,54,0.1s,54,0.1s,6912,6.9s,"page:0, asset:0, contentFragment:1, i18nComponentStringDict:0, assetMetaData:0, tagMetadata:0, tag:0",1,,,,6,12171,4264,16435,5008
2026-10-04,43,translationjob729,Ana Ai Translation Project,DE-DE,es_es,rmcf-ai-translatorion-connector,MACHINE_TRANSLATION,APPROVED,20:21:51.051,20:21:51.068,20:21:51.346,20:21:54.658,20:21:54.710,20:21:54.769,278,0.3s,3607,3.6s,52,0.1s,59,0.1s,3718,3.7s,"page:0, asset:0, contentFragment:1, i18nComponentStringDict:0, assetMetaData:0, tagMetadata:0, tag:0",1,,,,6,9291,1312,10603,2439
2026-10-04,44,translationjob730,Ana Ai Translation Project,PT-PT,es_es,rmcf-ai-translatorion-connector,MACHINE_TRANSLATION,APPROVED,20:21:55.622,20:21:55.638,20:21:55.857,20:21:58.262,20:21:58.323,20:21:58.394,219,0.2s,2640,2.6s,61,0.1s,71,0.1s,2772,2.8s,"page:0, asset:0, contentFragment:1, i18nComponentStringDict:0, assetMetaData:0, tagMetadata:0, tag:0",1,,,,6,9291,1312,10603,2439
2026-10-04,45,translationjob731,Ana Ai Translation Project,EN-US,es_es,rmcf-ai-translatorion-connector,MACHINE_TRANSLATION,APPROVED,20:21:59.384,20:21:59.401,20:21:59.707,20:22:02.835,20:22:02.891,20:22:02.961,306,0.3s,3451,3.5s,56,0.1s,70,0.1s,3577,3.6s,"page:0, asset:0, contentFragment:1, i18nComponentStringDict:0, assetMetaData:0, tagMetadata:0, tag:0",1,,,,6,9291,1312,10603,2439
2026-10-04,46,translationjob732,Ana Ai Translation Project,AR-AE,es_es,rmcf-ai-translatorion-connector,MACHINE_TRANSLATION,APPROVED,20:22:03.691,20:22:03.706,20:22:03.903,20:22:06.831,20:22:06.879,20:22:06.938,197,0.2s,3140,3.1s,48,0.0s,59,0.1s,3247,3.2s,"page:0, asset:0, contentFragment:1, i18nComponentStringDict:0, assetMetaData:0, tagMetadata:0, tag:0",1,,,,6,9291,1312,10603,2439
2026-10-04,47,translationjob733,Ana Ai Translation Project,FR-FR,es_es,rmcf-ai-translatorion-connector,MACHINE_TRANSLATION,APPROVED,20:22:07.615,20:22:07.631,20:22:07.836,20:22:11.261,20:22:11.308,20:22:11.410,205,0.2s,3646,3.6s,47,0.0s,102,0.1s,3795,3.8s,"page:0, asset:0, contentFragment:1, i18nComponentStringDict:0, assetMetaData:0, tagMetadata:0, tag:0",1,,,,6,9291,1312,10603,2439
2026-10-04,48,translationjob734,Ana Ai Translation Project,JA-JP,es_es,rmcf-ai-translatorion-connector,MACHINE_TRANSLATION,APPROVED,20:22:12.322,20:22:12.339,20:22:12.543,20:22:15.329,20:22:15.380,20:22:15.452,204,0.2s,3007,3.0s,51,0.1s,72,0.1s,3130,3.1s,"page:0, asset:0, contentFragment:1, i18nComponentStringDict:0, assetMetaData:0, tagMetadata:0, tag:0",1,,,,6,9291,1312,10603,2439
2026-10-04,49,translationjob735,Ana Ai Translation Project,DE-DE,es_es,rmcf-ai-translatorion-connector,MACHINE_TRANSLATION,APPROVED,20:24:55.724,20:24:55.740,20:24:56.698,20:24:59.492,20:24:59.540,20:24:59.598,958,1.0s,3768,3.8s,48,0.0s,58,0.1s,3874,3.9s,"page:0, asset:0, contentFragment:1, i18nComponentStringDict:0, assetMetaData:0, tagMetadata:0, tag:0",1,,,,6,9471,1479,10950,2392
2026-10-04,50,translationjob736,Ana Ai Translation Project,PT-PT,es_es,rmcf-ai-translatorion-connector,MACHINE_TRANSLATION,APPROVED,20:25:00.669,20:25:00.689,20:25:00.970,20:25:03.889,20:25:03.932,20:25:03.985,281,0.3s,3220,3.2s,43,0.0s,53,0.1s,3316,3.3s,"page:0, asset:0, contentFragment:1, i18nComponentStringDict:0, assetMetaData:0, tagMetadata:0, tag:0",1,,,,6,9471,1479,10950,2392
2026-10-04,51,translationjob737,Ana Ai Translation Project,PT-PT,es_es,rmcf-ai-translatorion-connector,MACHINE_TRANSLATION,UNKNOWN,20:25:03.007,20:25:03.022,20:25:03.121,,,,99,0.1s,,,,,,,,,"page:0, asset:0, contentFragment:1, i18nComponentStringDict:0, assetMetaData:0, tagMetadata:0, tag:0",1,,,,1,1618,234,1852,2185
2026-10-04,52,translationjob738,Ana Ai Translation Project,EN-US,es_es,rmcf-ai-translatorion-connector,MACHINE_TRANSLATION,APPROVED,20:25:04.705,20:25:04.723,20:25:04.891,20:25:07.412,20:25:07.461,20:25:07.513,168,0.2s,2707,2.7s,49,0.0s,52,0.1s,2808,2.8s,"page:0, asset:0, contentFragment:1, i18nComponentStringDict:0, assetMetaData:0, tagMetadata:0, tag:0",1,,,,6,9471,1479,10950,2392
2026-10-04,53,translationjob739,Ana Ai Translation Project,AR-AE,es_es,rmcf-ai-translatorion-connector,MACHINE_TRANSLATION,APPROVED,20:25:08.114,20:25:08.133,20:25:08.311,20:25:11.094,20:25:11.139,20:25:11.198,178,0.2s,2980,3.0s,45,0.0s,59,0.1s,3084,3.1s,"page:0, asset:0, contentFragment:1, i18nComponentStringDict:0, assetMetaData:0, tagMetadata:0, tag:0",1,,,,6,9471,1479,10950,2392
2026-10-04,54,translationjob740,Ana Ai Translation Project,FR-FR,es_es,rmcf-ai-translatorion-connector,MACHINE_TRANSLATION,APPROVED,20:25:12.081,20:25:12.096,20:25:12.297,20:25:15.249,20:25:15.300,20:25:15.356,201,0.2s,3168,3.2s,51,0.1s,56,0.1s,3275,3.3s,"page:0, asset:0, contentFragment:1, i18nComponentStringDict:0, assetMetaData:0, tagMetadata:0, tag:0",1,,,,6,9471,1479,10950,2392
2026-10-04,55,translationjob741,Ana Ai Translation Project,JA-JP,es_es,rmcf-ai-translatorion-connector,MACHINE_TRANSLATION,APPROVED,20:25:16.240,20:25:16.256,20:25:16.437,20:25:19.967,20:25:20.012,20:25:20.075,181,0.2s,3727,3.7s,45,0.0s,63,0.1s,3835,3.8s,"page:0, asset:0, contentFragment:1, i18nComponentStringDict:0, assetMetaData:0, tagMetadata:0, tag:0",1,,,,6,9471,1479,10950,2392
2026-10-04,56,translationjob742,Ana Ai Translation Project,DE-DE,es_es,rmcf-ai-translatorion-connector,MACHINE_TRANSLATION,APPROVED,20:59:03.603,20:59:03.620,20:59:03.920,20:59:07.595,20:59:07.657,20:59:07.714,300,0.3s,3992,4.0s,62,0.1s,57,0.1s,4111,4.1s,"page:0, asset:0, contentFragment:1, i18nComponentStringDict:0, assetMetaData:0, tagMetadata:0, tag:0",1,,,,6,9783,1843,11626,2737
2026-10-04,57,translationjob743,Ana Ai Translation Project,PT-PT,es_es,rmcf-ai-translatorion-connector,MACHINE_TRANSLATION,APPROVED,20:59:08.549,20:59:08.567,20:59:08.778,20:59:11.712,20:59:11.771,20:59:11.833,211,0.2s,3163,3.2s,59,0.1s,62,0.1s,3284,3.3s,"page:0, asset:0, contentFragment:1, i18nComponentStringDict:0, assetMetaData:0, tagMetadata:0, tag:0",1,,,,6,9783,1843,11626,2737
2026-10-04,58,translationjob744,Ana Ai Translation Project,EN-US,es_es,rmcf-ai-translatorion-connector,MACHINE_TRANSLATION,APPROVED,20:59:12.482,20:59:12.498,20:59:12.706,20:59:15.461,20:59:15.526,20:59:15.868,208,0.2s,2979,3.0s,65,0.1s,342,0.3s,3386,3.4s,"page:0, asset:0, contentFragment:1, i18nComponentStringDict:0, assetMetaData:0, tagMetadata:0, tag:0",1,,,,6,9783,1843,11626,2737
2026-10-04,59,translationjob745,Ana Ai Translation Project,AR-AE,es_es,rmcf-ai-translatorion-connector,MACHINE_TRANSLATION,APPROVED,20:59:16.563,20:59:16.588,20:59:16.814,20:59:20.229,20:59:20.287,20:59:20.349,226,0.2s,3666,3.7s,58,0.1s,62,0.1s,3786,3.8s,"page:0, asset:0, contentFragment:1, i18nComponentStringDict:0, assetMetaData:0, tagMetadata:0, tag:0",1,,,,6,9783,1843,11626,2737
2026-10-04,60,translationjob746,Ana Ai Translation Project,FR-FR,es_es,rmcf-ai-translatorion-connector,MACHINE_TRANSLATION,APPROVED,20:59:21.053,20:59:21.074,20:59:21.278,20:59:24.275,20:59:24.337,20:59:24.403,204,0.2s,3222,3.2s,62,0.1s,66,0.1s,3350,3.4s,"page:0, asset:0, contentFragment:1, i18nComponentStringDict:0, assetMetaData:0, tagMetadata:0, tag:0",1,,,,6,9783,1843,11626,2737
2026-10-04,61,translationjob747,Ana Ai Translation Project,JA-JP,es_es,rmcf-ai-translatorion-connector,MACHINE_TRANSLATION,APPROVED,20:59:25.089,20:59:25.108,20:59:25.451,20:59:29.193,20:59:29.259,20:59:29.331,343,0.3s,4104,4.1s,66,0.1s,72,0.1s,4242,4.2s,"page:0, asset:0, contentFragment:1, i18nComponentStringDict:0, assetMetaData:0, tagMetadata:0, tag:0",1,,,,6,9783,1843,11626,2737
2026-10-04,62,translationjob748,Ana Ai Translation Project,DE-DE,es_es,rmcf-ai-translatorion-connector,MACHINE_TRANSLATION,APPROVED,21:02:25.180,21:02:25.197,21:02:25.401,21:02:28.174,21:02:28.228,21:02:28.289,204,0.2s,2994,3.0s,54,0.1s,61,0.1s,3109,3.1s,"page:0, asset:0, contentFragment:1, i18nComponentStringDict:0, assetMetaData:0, tagMetadata:0, tag:0",1,,,,6,9567,1656,11223,2660
2026-10-04,63,translationjob749,Ana Ai Translation Project,PT-PT,es_es,rmcf-ai-translatorion-connector,MACHINE_TRANSLATION,APPROVED,21:02:28.926,21:02:28.947,21:02:29.133,21:02:32.458,21:02:32.509,21:02:32.568,186,0.2s,3532,3.5s,51,0.1s,59,0.1s,3642,3.6s,"page:0, asset:0, contentFragment:1, i18nComponentStringDict:0, assetMetaData:0, tagMetadata:0, tag:0",1,,,,6,9567,1656,11223,2660
2026-10-04,64,translationjob750,Ana Ai Translation Project,EN-US,es_es,rmcf-ai-translatorion-connector,MACHINE_TRANSLATION,APPROVED,21:02:33.191,21:02:33.209,21:02:33.392,21:02:35.929,21:02:35.985,21:02:36.043,183,0.2s,2738,2.7s,56,0.1s,58,0.1s,2852,2.9s,"page:0, asset:0, contentFragment:1, i18nComponentStringDict:0, assetMetaData:0, tagMetadata:0, tag:0",1,,,,6,9567,1656,11223,2660
2026-10-04,65,translationjob751,Ana Ai Translation Project,AR-AE,es_es,rmcf-ai-translatorion-connector,MACHINE_TRANSLATION,APPROVED,21:02:36.714,21:02:36.730,21:02:36.914,21:02:40.495,21:02:40.545,21:02:40.605,184,0.2s,3781,3.8s,50,0.1s,60,0.1s,3891,3.9s,"page:0, asset:0, contentFragment:1, i18nComponentStringDict:0, assetMetaData:0, tagMetadata:0, tag:0",1,,,,6,9567,1656,11223,2660
2026-10-04,66,translationjob752,Ana Ai Translation Project,FR-FR,es_es,rmcf-ai-translatorion-connector,MACHINE_TRANSLATION,APPROVED,21:02:41.276,21:02:41.292,21:02:41.497,21:02:44.535,21:02:44.589,21:02:44.650,205,0.2s,3259,3.3s,54,0.1s,61,0.1s,3374,3.4s,"page:0, asset:0, contentFragment:1, i18nComponentStringDict:0, assetMetaData:0, tagMetadata:0, tag:0",1,,,,6,9567,1656,11223,2660
2026-10-04,67,translationjob753,Ana Ai Translation Project,JA-JP,es_es,rmcf-ai-translatorion-connector,MACHINE_TRANSLATION,APPROVED,21:02:45.369,21:02:45.387,21:02:45.579,21:02:49.261,21:02:49.316,21:02:49.370,192,0.2s,3892,3.9s,55,0.1s,54,0.1s,4001,4.0s,"page:0, asset:0, contentFragment:1, i18nComponentStringDict:0, assetMetaData:0, tagMetadata:0, tag:0",1,,,,6,9567,1656,11223,2660
2026-10-04,68,translationjob754,Ana Ai Translation Project,DE-DE,es_es,rmcf-ai-translatorion-connector,MACHINE_TRANSLATION,APPROVED,21:11:49.062,21:11:49.080,21:11:49.309,21:11:54.756,21:11:54.798,21:11:54.848,229,0.2s,5694,5.7s,42,0.0s,50,0.1s,5786,5.8s,"page:0, asset:0, contentFragment:1, i18nComponentStringDict:0, assetMetaData:0, tagMetadata:0, tag:0",1,,,,6,12381,4481,16862,4728
2026-10-04,69,translationjob755,Ana Ai Translation Project,PT-PT,es_es,rmcf-ai-translatorion-connector,MACHINE_TRANSLATION,APPROVED,21:11:55.502,21:11:55.516,21:11:55.686,21:12:00.465,21:12:00.508,21:12:00.583,170,0.2s,4963,5.0s,43,0.0s,75,0.1s,5081,5.1s,"page:0, asset:0, contentFragment:1, i18nComponentStringDict:0, assetMetaData:0, tagMetadata:0, tag:0",1,,,,6,12381,4481,16862,4728
2026-10-04,70,translationjob756,Ana Ai Translation Project,EN-US,es_es,rmcf-ai-translatorion-connector,MACHINE_TRANSLATION,APPROVED,21:12:01.272,21:12:01.287,21:12:01.437,21:12:06.168,21:12:06.216,21:12:06.270,150,0.1s,4896,4.9s,48,0.0s,54,0.1s,4998,5.0s,"page:0, asset:0, contentFragment:1, i18nComponentStringDict:0, assetMetaData:0, tagMetadata:0, tag:0",1,,,,6,12381,4481,16862,4728
2026-10-04,71,translationjob757,Ana Ai Translation Project,AR-AE,es_es,rmcf-ai-translatorion-connector,MACHINE_TRANSLATION,APPROVED,21:12:06.857,21:12:06.872,21:12:07.021,21:12:12.170,21:12:12.226,21:12:12.280,149,0.1s,5313,5.3s,56,0.1s,54,0.1s,5423,5.4s,"page:0, asset:0, contentFragment:1, i18nComponentStringDict:0, assetMetaData:0, tagMetadata:0, tag:0",1,,,,6,12381,4481,16862,4728
2026-10-04,72,translationjob758,Ana Ai Translation Project,FR-FR,es_es,rmcf-ai-translatorion-connector,MACHINE_TRANSLATION,APPROVED,21:12:12.894,21:12:12.909,21:12:13.099,21:12:17.770,21:12:17.817,21:12:17.873,190,0.2s,4876,4.9s,47,0.0s,56,0.1s,4979,5.0s,"page:0, asset:0, contentFragment:1, i18nComponentStringDict:0, assetMetaData:0, tagMetadata:0, tag:0",1,,,,6,12381,4481,16862,4728
2026-10-04,73,translationjob759,Ana Ai Translation Project,JA-JP,es_es,rmcf-ai-translatorion-connector,MACHINE_TRANSLATION,APPROVED,21:12:18.746,21:12:18.761,21:12:19.047,21:12:25.677,21:12:25.726,21:12:25.775,286,0.3s,6931,6.9s,49,0.0s,49,0.0s,7029,7.0s,"page:0, asset:0, contentFragment:1, i18nComponentStringDict:0, assetMetaData:0, tagMetadata:0, tag:0",1,,,,6,12381,4481,16862,4728
